Id,VendorNo,VenderName
1,SP0001,ETR547 
2,SP0002,SWO0 We
3,SP0003,OLF0500
4,SP0004,ORL65 N
5,SP0005,ira6 FR
6,SP0006,NIT547 
7,SP0007,NCH.O B
8,SP0008,QUA.O B
9,SP0009,IRA2922
10,SP0010,UNZostf
11,SP0011,art125 
12,SP0012,ergO BO
13,SP0013,&A 14 M
14,SP0014,HEILOCH
15,SP0015,angaver
16,SP0016,lgo.O B
17,SP0017,QUA00 Y
18,SP0018,BK 981 
19,SP0019,rop4 Ce
20,SP0020,uby1221
21,SP0021,NER4278
22,SP0022,ORD242 
23,SP0023,T Xo.24
24,SP0024,SA 8 CA
25,SP0025,NGI/O:T
26,SP0026,VER73 B
27,SP0027,zco431 
28,SP0028,ire6 Le
29,SP0029,AMI22 R
30,SP0030,erb0 Ir
31,SP0031,OLY51 T
32,SP0032,ALT528 
33,SP0033,IKA804 
34,SP0034,oly27 N
35,SP0035,IVI850 
36,SP0036,LUE5 MO
37,SP0037,ena120 
38,SP0038,ARS6970
39,SP0039,&A 14 M
40,SP0040,ove160 
41,SP0041,&M 6260
42,SP0042,atu450 
43,SP0043,.F./o B
44,SP0044,BH O BO
45,SP0045,att60 S
46,SP0046,APP120 
47,SP0047,AXI70 C
48,SP0048,MER4 Da
49,SP0049,URO19 A
50,SP0050,ion93 H
51,SP0051,ent    
52,SP0052,ast478 
53,SP0053,AYT215 
54,SP0054,ELL88 E
55,SP0055,ent4278
56,SP0056,ydo740 
57,SP0057,ORT.O B
58,SP0058,ew 1950
59,SP0059,OMM    
60,SP0060,thi7 Fe
61,SP0061,ASC7719
62,SP0062,eef801 
63,SP0063,OESO BO
64,SP0064,SI 2 BE
65,SP0065,IKA804 
66,SP0066,ARD4971
67,SP0067,AN 239 
68,SP0068,ARC0357
69,SP0069,qua547 
70,SP0070,URR640 
71,SP0071,ARR160 
72,SP0072,lis13 G
73,SP0073,ree858 
74,SP0074,HEILOCH
75,SP0075,cea0 Ha
76,SP0076,AGN10 C
77,SP0077,AN 239 
78,SP0078,OO 650 
79,SP0079,ORL315 
80,SP0080,RT  EDW
81,SP0081,.F.    
82,SP0082,OVE160 
83,SP0083,AC 00 S
84,SP0084,AGEO BO
85,SP0085,QUA80-H
86,SP0086,eis325 
87,SP0087,ETR547 
88,SP0088,lmoam H
89,SP0089,ONT582 
90,SP0090,ALAoom 
91,SP0091,uck91 s
92,SP0092,tor01 B
93,SP0093,ock86 G
94,SP0094,UWEewer
95,SP0095,hin-3-2
96,SP0096,NOP43 C
97,SP0097,OYA0 RO
98,SP0098,IFE633 
99,SP0099,ort.O. 
100,SP0100,NIT547 
101,SP0101,AAM00 S
102,SP0102,ARD656 
103,SP0103,NIT547 
104,SP0104,CEA239 
105,SP0105,EA 36-1
106,SP0106,CEA239 
107,SP0107,lue515 
108,SP0108,T'S32 W
109,SP0109,ann60 O
110,SP0110,SWO501 
111,SP0111,ohn045 
112,SP0112,ent4278
113,SP0113,arr4 Ar
114,SP0114,qua50 B
115,SP0115,spe.O. 
116,SP0116,ANU06 M
117,SP0117,LIFO BO
118,SP0118,ent401 
119,SP0119,rte6 Da
120,SP0120,oll9919
121,SP0121,rig3 Id
122,SP0122,d S743 
123,SP0123,LTR160 
124,SP0124,T's32 W
125,SP0125,ANN160 
126,SP0126,rch    
127,SP0127,MIR551 
128,SP0128,qua.O. 
129,SP0129,MT 3748
130,SP0130,ROP37 3
131,SP0131,OUT    
132,SP0132,EAC000 
133,SP0133,QUA80-H
134,SP0134,dva004 
135,SP0135,OYD510 
136,SP0136,MAG0 RO
137,SP0137,OVE160 
138,SP0138,ATE    
139,SP0139,cPh740 
140,SP0140,ollo bo
141,SP0141,RIF.O B
142,SP0142,HEM61 1
143,SP0143,0
144,SP0144,BO-49 E
145,SP0145,upe40 B
146,SP0146,ltr0 Cl
147,SP0147,ari501 
148,SP0148,ERR310 
149,SP0149,HOR7 GR
150,SP0150,UST943 
151,SP0151,ent4278
152,SP0152,LLI05 E
153,SP0153,erf547 
154,SP0154,NI 04A 
155,SP0155,ALI03 P
156,SP0156,QUA687 
157,SP0157,qua    
158,SP0158,ENN.O. 
159,SP0159,meg000 
160,SP0160,WO 007 
161,SP0161,ent4278
162,SP0162,ETR547 
163,SP0163,ulf90 S
164,SP0164,EE'.O. 
165,SP0165,pot7 Fe
166,SP0166,QUA501 
167,SP0167,.S.350 
168,SP0168,QUU.O B
169,SP0169,ABO    
170,SP0170,ITT.O B
171,SP0171,QUAO Bo
172,SP0172,ROP    
173,SP0173,OYA0 RO
174,SP0174,OYA0 RO
175,SP0175,OYA0 RO
176,SP0176,B A06 T
177,SP0177,ilw-672
178,SP0178,QUAAPUZ
179,SP0179,FO O BO
180,SP0180,ati360 
181,SP0181,KAF15 K
182,SP0182,RAN730 
183,SP0183,2O 13 W
184,SP0184,NIT547 
185,SP0185,ano01 F
186,SP0186,ion    
187,SP0187,meg000 
188,SP0188,EA 36-1
189,SP0189,ep-.O. 
190,SP0190,OLA.O. 
191,SP0191,qua710 
192,SP0192,marnit 
193,SP0193,LA 58 D
194,SP0194,nde37 W
195,SP0195,qua2909
196,SP0196,agl255 
197,SP0197,ETR547 
198,SP0198,NIV25 S
199,SP0199,ave00 S
200,SP0200,ETR547 
201,SP0201,ETR547 
202,SP0202,ETR547 
203,SP0203,coT6 E.
204,SP0204,XEO0980
205,SP0205,NIT547 
206,SP0206,et 660 
207,SP0207,umm35 S
208,SP0208,ort22 H
209,SP0209,ort78 H
210,SP0210,nim0a R
211,SP0211,"es 015,"
212,SP0212,ric61 R
213,SP0213,qua206 
214,SP0214,NGEttn:
215,SP0215,asyalsb
216,SP0216,alt94 H
217,SP0217,oog030 
218,SP0218,dva40 A
219,SP0219,ite660 
220,SP0220,et 0 Bl
221,SP0221,rea21 N
222,SP0222,he .O. 
223,SP0223,agh721 
224,SP0224,zyD.O. 
225,SP0225,ETMO BO
226,SP0226,OO 650 
227,SP0227,eaYO Bo
228,SP0228,uff7 Co
229,SP0229,IRMform
230,SP0230,itt547 
231,SP0231,alt.O. 
232,SP0232,et 92 S
233,SP0233,ARS6970
234,SP0234,ARS6970
235,SP0235,ntlO BO
236,SP0236,eidO BO
237,SP0237,niq213 
238,SP0238,at ont-
239,SP0239, & 37 W
240,SP0240,ver200 
241,SP0241,ard9 Am
242,SP0242,amm710 
243,SP0243,etc835 
244,SP0244,ran Aca
245,SP0245,ita O B
246,SP0246,qua200 
247,SP0247,ars740 
248,SP0248,isc417 
249,SP0249,oba28 W
250,SP0250,ick6 Ca
251,SP0251,ree80 T
252,SP0252,UST10 W
253,SP0253,ortox 8
254,SP0254,IKA804 
255,SP0255,LUEELTW
256,SP0256,id-96 P
257,SP0257,awt468 
258,SP0258,oor07 D
259,SP0259,hri16 B
260,SP0260,quaBA A
261,SP0261,OAL1 Bu
262,SP0262,ed 5 Fr
263,SP0263,NDI90 A
264,SP0264,ode.O. 
265,SP0265,oba24 W
266,SP0266,coT349 
267,SP0267,NS o. 1
268,SP0268,ana7 Ca
269,SP0269,ailttn.
270,SP0270,eni11 B
271,SP0271,ossia R
272,SP0272,ont1 Bu
273,SP0273,hil747 
274,SP0274,TTR24 2
275,SP0275,lea306 
276,SP0276,ioB624 
277,SP0277,cox640 
278,SP0278,rig713 
279,SP0279,"ann156,"
280,SP0280,oba24 W
281,SP0281,rop37 3
282,SP0282,qua6 E.
283,SP0283,ept ZA 
284,SP0284,T XO.71
285,SP0285,RAF077 
286,SP0286,hil3 MA
287,SP0287,ZONO.15
288,SP0288,V I8183
289,SP0289,receefl
290,SP0290,ung351 
291,SP0291,IANUA D
292,SP0292,ala21 S
293,SP0293,nimO Bo
294,SP0294,OYOO Bo
295,SP0295,qua    
296,SP0296,pro7 To
297,SP0297,niD850 
298,SP0298,oom650 
299,SP0299,ana600B
300,SP0300,.I.3453
301,SP0301,ait120 
302,SP0302,obi38 R
303,SP0303,ana7 Ca
304,SP0304,coT6 E.
305,SP0305,qua6 E.
306,SP0306,col.O. 
307,SP0307,RNOichk
308,SP0308,2O 205 
309,SP0309,ami2 Oo
310,SP0310,ossia R
311,SP0311,agyecsk
312,SP0312,rop37 3
313,SP0313,qua750 
314,SP0314,ro 959 
315,SP0315,erM6 Ri
316,SP0316,rit00 N
317,SP0317,ROP1 50
318,SP0318,Fis8 Fo
319,SP0319,ndi8 Pa
320,SP0320,DT .O. 
321,SP0321,OLY11-8
322,SP0322,abc175-
323,SP0323,qua01 A
324,SP0324,&J 81 M
325,SP0325,ndu235 
326,SP0326,T Xo.24
327,SP0327,awt204 
328,SP0328,QUAua V
329,SP0329,&P ot 2
330,SP0330,ybo Til
331,SP0331,EWAia d
332,SP0332,ojo22 G
333,SP0333,IKAOT U
334,SP0334,lli10 C
335,SP0335,qua191 
336,SP0336,ult815 
337,SP0337,qua157 
338,SP0338,ROP1 50
339,SP0339,T Au Sc
340,SP0340,inu0 Ar
341,SP0341,rad2160
342,SP0342,QUA4-16
343,SP0343,SR 617 
344,SP0344,rag    
345,SP0345,icc811 
346,SP0346,ock405 
347,SP0347,ept5750
348,SP0348,qua00 L
349,SP0400,.I.3453
350,SP0444,OYA    
351,SP0600,qua    
352,SP0601,T X    
353,SP0602,T X    
354,SP0603,T H    
355,SP0604,T L    
356,SP0605,T X    
357,SP0606,T X    
358,SP0607,T X    
359,SP0608,T X    
360,SP0609,T L    
361,SP0610,T Mnit 
362,SP0611,T X    
363,SP0612,T X    
364,SP0613,T X    
365,SP0614,T Y    
366,SP0615,T C    
367,SP0616,T F    
368,SP0617,T X    
369,SP0618,T X    
370,SP0619,T X    
371,SP0620,T X    
372,SP0621,T X    
373,SP0622,T X    
374,SP0623,T N    
375,SP0624,T L    
376,SP0625,T Winji
377,SP0626,T G    
378,SP0627,T L    
379,SP0628,T D    
380,SP0629,T X    
381,SP0630,T X    
382,SP0631,T X    
383,SP0632,T Xnit 
384,SP0633,T X    
385,SP0634,qua75 C
386,SP0635,T S    
387,SP0636,T J    
388,SP0637,T X    
389,SP0638,T X    
390,SP0639,T X    
391,SP0640,T M    
392,SP0641,T X    
393,SP0642,T Y    
394,SP0643,T X    
395,SP0644,T X    
396,SP0645,T X    
397,SP0646,T X    
398,SP0647,T X    
399,SP0648,T X    
400,SP0649,T G    
401,SP0650,T Xo.6 
402,SP0651,T X    
403,SP0652,T D    
404,SP0653,T K    
405,SP0654,T T    
406,SP0655,T X    
407,SP0656,T Y    
408,SP0657,T X    
409,SP0658,T Wnit 
410,SP0659,T H    
411,SP0660,T V5-21
412,SP0661,T Xanya
413,SP0662,TJ o. 1
414,SP0663,AVEnit 
415,SP0664,"TJ /L,H"
416,SP0998,ETR547 
417,SP0999,35465 N
418,SP1000,ENN.O. 
419,SP1001,nit547 
420,SP1002,S I547 
421,SP1003,T X    
422,SP1004,T X    
423,SP1005,ner1101
424,SP1006,T X    
425,SP1007,urt162 
426,SP1008,oya250 
427,SP1009,nno546 
428,SP1010,et 097 
429,SP1011,imb01 E
430,SP1012,las    
431,SP1013,et 097 
432,SP1014,ax'54 S
433,SP1015,im 221 
434,SP1016,he 5514
435,SP1017,2P 954 
436,SP1018,enn855 
437,SP1019,'Do0 Al
438,SP1020,est41 H
439,SP1021,asm30 G
440,SP1022,ARC050 
441,SP1023,yla/o B
442,SP1024,idW142 
443,SP1025,ew 5063
444,SP1026,entEW J
445,SP1027,OAS11 L
446,SP1028,upe215 
447,SP1029,et 92 S
448,SP1030,ens0 Br
449,SP1031,osc766 
450,SP1032,ill Mor
451,SP1033,ANT69 F
452,SP1034,anc49A 
453,SP1035,CS 49 B
454,SP1036,arl200 
455,SP1037,mar002 
456,SP1038,an-4 Do
457,SP1039,ion7651
458,SP1040,ero99 B
459,SP1041,RANox 5
460,SP1042,oot333 
461,SP1043,ima480 
462,SP1044,uet05 E
463,SP1045,ubb36 M
464,SP1046,rot660 
465,SP1047,C P50 E
466,SP1048,TJ o.39
467,SP1049,hed665 
468,SP1050,uck70 S
469,SP1051,IXI00 C
470,SP1052,nnoO BO
471,SP1053,VES171 
472,SP1054,AKK25 E
473,SP1055,rev24 N
474,SP1056,et -14 
475,SP1057,ang750 
476,SP1058,et 494 
477,SP1059,.O.1 BU
478,SP1060,PG 547 
479,SP1061,ETS6575
480,SP1062,eni.O. 
481,SP1063,oo-625 
482,SP1064,amm0 Ru
483,SP1065,ref065 
484,SP1066,UNG8005
485,SP1067,up 621 
486,SP1068,ATO4 MO
487,SP1069,OYA/O T
488,SP1070,AGE    
489,SP1071,pen4260
490,SP1072,AKE RUE
491,SP1073,abe5 Va
492,SP1074, & 37 W
493,SP1075,las850 
494,SP1076,AHL65 R
495,SP1077,est595 
496,SP1078,est41 H
497,SP1079,V I8190
498,SP1080,NT .O. 
499,SP1081,RSU5 VU
500,SP1082,et 723 
501,SP1083,HL /O T
502,SP1084,OTA.O. 
503,SP1085,PL 00 M
504,SP1086,ema600 
505,SP1087,ALA00 J
506,SP1088,IOP1500
507,SP1089,efr Fir
508,SP1090,DMV999 
509,SP1091,ove01 4
510,SP1092,OVI10 M
511,SP1093,T P20 S
512,SP1094,T XRm 3
513,SP1095,TJ m.26
514,SP1096,T Cangz
515,SP1097,ana750 
516,SP1098,art-384
517,SP1099,TJ 0767
518,SP1100,aliatio
519,SP1101,et-55 K
520,SP1102,ond511 
521,SP1103,rad33 B
522,SP1104,TJ nit 
523,SP1105,app203 
524,SP1106,ogg27 H
525,SP1107,eig00 G
526,SP1108,uco21 H
527,SP1109,uns O B
528,SP1110,luk333 
529,SP1111,et uite
530,SP2000,HL 200 
531,SP2001,SV 0 Dr
532,SP2002,APA400 
533,SP2003,DP 800 
534,SP2004,EVAanad
535,SP2005,NT .O. 
536,SP2006,rsu5 Vu
537,SP2007,HL /O T
538,SP2008,OTA.O. 
539,SP2009,PL 55 R
540,SP2010,POL3777
541,SP2011,RAN600 
542,SP2012,ana.O. 
543,SP2013,atr800 
544,SP2014,MA 225 
545,SP2015,PEE299 
546,SP2016,IGH08 H
547,SP2017,UEH7 FO
548,SP2018,ULT-296
549,SP2019,he 20 M
550,SP2020,unb299 
551,SP2021,ran/A S
552,SP2022,niv25 C
553,SP2023,PT /A T
554,SP2024,xxe-180
555,SP2025,ack014 
556,SP2026,act1 Ze
557,SPARKL,PAR007 
558,sparm ,paruppl
559,SPEND ,PEN265 
560,Spezza,ich540 
561,SPHER ,phe16 A
562,spina ,ssu5 Ri
563,SPONGE,PON9 ST
564,spotl ,pot24 F
565,SPRO  ,PRO323 
